{
  "brier": 0.1899634420175137,
  "class": "IsotonicCalibrator",
  "competition": "LaLiga",
  "ece": 0.19813001569650837,
  "n_samples": 25,
  "state": {
    "xs": [
      0.2383383318630795,
      0.7238543174543445
    ],
    "ys": [
      0.0,
      0.8333333333333334
    ]
  }
}
