{
  "brier": 0.32753416904706956,
  "class": "IsotonicCalibrator",
  "competition": "Bundesliga",
  "ece": 0.3749198865179635,
  "n_samples": 20,
  "state": {
    "xs": [
      0.2764118729706426,
      0.7226135878045801
    ],
    "ys": [
      0.0,
      0.6842105263157895
    ]
  }
}
