{
  "brier": 0.341754786305459,
  "class": "IsotonicCalibrator",
  "competition": "EPL",
  "ece": 0.5314417955539199,
  "n_samples": 29,
  "state": {
    "xs": [
      0.5185902005489318,
      0.7848066326330541
    ],
    "ys": [
      0.0,
      0.7142857142857143
    ]
  }
}
