{
  "brier": 0.22963992652361007,
  "class": "IsotonicCalibrator",
  "competition": "ALL",
  "ece": 0.19331653844270075,
  "n_samples": 106,
  "state": {
    "xs": [
      0.2383383318630795,
      0.2764118729706426,
      0.40160798726594993,
      0.7630552008045304
    ],
    "ys": [
      0.0,
      0.0,
      0.5,
      0.7254901960784313
    ]
  }
}
